date,open,high,close,low,volume,price_change,p_change,ma5,ma10,ma20,v_ma5,v_ma10,v_ma20
2017-03-08,3452.2,3457.04,3448.73,3441.26,795876.88,-5.23,-0.15,3442.426,3451.677,3446.334,827772.03,886105.26,1011596.85
2017-03-07,3446.16,3454.04,3453.96,3440.06,803347.19,7.48,0.22,3444.368,3455.78,3443.062,875117.36,909333.56,1009504.45
2017-03-06,3427.25,3449.03,3446.48,3425.9,830708.81,18.62,0.54,3444.138,3458.666,3438.648,864878.45,943840.85,1001214.32
2017-03-03,3424.66,3428.88,3427.86,3412.83,809946.5,-7.24,-0.21,3444.086,3461.157,3434.985,896081.01,993398.84,993939.56
2017-03-02,3463.48,3468.47,3435.1,3434.0,898980.75,-23.34,-0.68,3453.284,3460.515,3431.816,925161.97,1027004.22,981036.66
2017-03-01,3452.21,3472.7,3458.44,3449.11,1032603.56,5.63,0.16,3460.928,3461.098,3429.459,944438.48,1045383.11,968745.95
2017-02-28,3445.03,3460.91,3452.81,3441.36,752152.62,6.59,0.19,3467.192,3457.425,3425.332,943549.76,1069766.09,946304.24
2017-02-27,3471.13,3472.84,3446.22,3441.39,986721.62,-27.63,-0.8,3473.194,3455.724,3420.914,1022803.26,1089360.29,941793.72
2017-02-24,3468.96,3473.85,3473.85,3455.25,955351.31,0.53,0.01,3478.228,3454.73,3416.807,1090716.66,1110832.67,930236.39
2017-02-23,3487.57,3492.96,3473.32,3460.12,995363.31,-16.44,-0.47,3467.746,3448.694,3410.859,1128846.47,1139066.26,915119.05
2017-02-22,3483.2,3489.95,3489.76,3473.52,1028159.94,6.94,0.2,3461.268,3440.991,3403.658,1146327.74,1137088.44,898430.79
2017-02-21,3475.06,3490.09,3482.82,3472.02,1148420.12,11.43,0.33,3447.658,3430.344,3396.138,1195982.42,1109675.33,882334.41
2017-02-20,3421.64,3472.6,3471.39,3421.64,1326288.62,49.95,1.46,3438.254,3418.63,3388.315,1155917.32,1058587.78,859640.06
2017-02-17,3443.62,3457.56,3421.44,3419.61,1146000.38,-19.49,-0.57,3431.232,3408.812,3380.718,1130948.68,994480.28,872215.2
2017-02-16,3421.83,3440.93,3440.93,3418.35,1082769.62,19.22,0.56,3429.642,3403.117,3375.642,1149286.05,935069.1,857005.48
2017-02-15,3435.39,3448.03,3421.71,3417.08,1276433.38,-14.09,-0.41,3420.714,3397.82,3369.476,1127849.15,892108.79,843486.57
2017-02-14,3438.51,3440.67,3435.8,3424.4,948094.62,-0.48,-0.01,3413.03,3393.239,3365.116,1023368.24,822842.39,825200.62
2017-02-13,3416.92,3439.54,3436.28,3416.87,1201445.38,22.79,0.67,3399.006,3386.104,3361.239,961258.24,794227.15,819705.47
2017-02-10,3398.32,3422.33,3413.49,3398.03,1237687.25,17.2,0.51,3386.392,3378.884,3357.62,858011.88,749640.11,801487.17
2017-02-09,3381.9,3406.59,3396.29,3379.79,975585.12,13.0,0.38,3376.592,3373.024,3354.329,720852.16,691171.85,783332.36
2017-02-08,3361.78,3383.69,3383.29,3347.43,754028.81,17.61,0.52,3374.926,3366.324,3352.904,656368.43,659773.14,778721.28
2017-02-07,3371.77,3376.71,3365.68,3354.63,637544.62,-7.53,-0.22,3373.448,3361.932,3352.155,622316.53,654993.49,786045.26
2017-02-06,3368.11,3381.33,3373.21,3358.75,685213.62,8.72,0.26,3373.202,3358.0,3350.983,627196.06,660692.35,797451.97
2017-02-03,3390.93,3392.48,3364.49,3362.57,551888.62,-23.47,-0.69,3371.376,3352.624,3347.826,641268.34,749950.12,799063.35
2017-01-26,3378.26,3395.88,3387.96,3378.26,653166.5,12.06,0.36,3369.456,3348.166,3344.49,661491.54,778941.85,806512.88
2017-01-25,3361.66,3376.44,3375.9,3357.22,583769.31,11.45,0.34,3357.722,3341.132,3340.186,663177.85,794864.34,808354.78
2017-01-24,3363.14,3371.32,3364.45,3355.9,661942.25,0.37,0.01,3350.416,3336.992,3337.211,687670.44,827558.85,816909.49
2017-01-23,3359.05,3378.74,3364.08,3355.85,755575.0,9.19,0.27,3342.798,3336.374,3335.108,694188.64,845183.78,828709.37
2017-01-20,3326.98,3358.41,3354.89,3326.37,653004.62,25.6,0.77,3333.872,3336.356,3332.284,858631.91,853334.23,839652.97
2017-01-19,3330.95,3346.5,3329.29,3324.68,661598.06,-10.08,-0.3,3326.876,3335.634,3331.323,896392.16,875492.88,853141.37
2017-01-18,3323.34,3350.96,3339.37,3320.41,706232.25,13.01,0.39,3324.542,3339.484,3331.786,926550.83,897669.43,874188.96
2017-01-17,3305.6,3327.38,3326.36,3292.2,694533.25,6.91,0.21,3323.568,3342.378,3330.27,967447.25,917097.03,882662.15
2017-01-16,3314.15,3322.78,3319.45,3264.21,1577791.38,-0.46,-0.01,3329.95,3343.965,3330.401,996178.93,934211.6,888755.82
2017-01-13,3317.96,3338.17,3319.91,3309.37,841805.88,2.29,0.07,3338.84,3343.028,3331.73,848036.54,848176.58,855253.97
2017-01-12,3332.69,3343.13,3317.62,3315.96,812391.38,-16.88,-0.51,3344.392,3340.813,3332.756,854593.59,834083.91,870644.0
2017-01-11,3355.8,3366.63,3334.5,3334.3,910714.38,-23.77,-0.71,3354.426,3339.24,3335.823,868788.02,821845.21,892028.31
2017-01-10,3361.64,3370.51,3358.27,3354.09,838191.62,-5.63,-0.17,3361.188,3337.429,3339.35,866746.8,806260.13,907045.14
2017-01-09,3345.75,3366.22,3363.9,3344.35,837079.44,16.23,0.48,3357.98,3333.842,3341.895,872244.26,812234.95,958869.43
2017-01-06,3366.85,3368.87,3347.67,3346.89,874591.12,-20.12,-0.6,3347.216,3328.212,3348.385,848316.61,825971.72,992167.12
2017-01-05,3368.34,3373.41,3367.79,3361.46,883363.56,-0.52,-0.01,3337.234,3327.012,3354.509,813574.24,830789.86,1007129.52
2017-01-04,3340.56,3369.57,3368.31,3338.15,900508.25,26.08,0.78,3324.054,3324.087,3359.907,774902.4,850708.5,1020133.9
2017-01-03,3313.95,3345.26,3342.23,3313.95,865678.94,32.15,0.97,3313.67,3318.162,3364.449,745773.46,848227.27,1032873.03
2016-12-30,3302.6,3313.55,3310.08,3295.75,717441.19,12.32,0.37,3309.704,3316.837,3370.808,752225.64,843300.05,1080015.26
2016-12-29,3297.04,3312.11,3297.76,3288.1,700879.25,-4.13,-0.12,3309.208,3320.432,3381.751,803626.82,862331.36,1142320.93
2016-12-28,3315.75,3320.55,3301.89,3293.17,690004.38,-14.5,-0.44,3316.79,3324.699,3395.115,848005.47,907204.09,1197362.35
2016-12-27,3319.21,3330.23,3316.39,3315.83,754863.56,-6.01,-0.18,3324.12,3332.405,3406.921,926514.6,962211.41,1252142.22
2016-12-26,3293.22,3322.42,3322.4,3267.05,897939.81,14.8,0.45,3322.654,3341.27,3419.303,950681.07,1007830.15,1332858.22
2016-12-23,3333.4,3334.89,3307.6,3300.88,974447.12,-28.07,-0.84,3323.97,3349.948,3429.937,934374.46,1105503.92,1391648.97
2016-12-22,3335.12,3340.36,3335.67,3322.72,922772.5,-2.87,-0.09,3331.656,3368.558,3440.622,921035.89,1158362.52,1419737.37
2016-12-21,3313.75,3342.48,3338.54,3313.75,1082550.0,29.48,0.89,3332.608,3382.005,3448.276,966402.71,1183469.19,1446471.89
2016-12-20,3328.3,3329.1,3309.06,3289.27,875695.94,-19.92,-0.6,3340.69,3395.726,3455.085,997908.21,1189559.29,1473538.64
2016-12-19,3342.34,3344.86,3328.98,3325.0,816406.75,-17.05,-0.51,3359.886,3410.735,3463.05,1064979.22,1217518.79,1514015.57
2016-12-16,3335.36,3356.29,3346.03,3330.49,907754.25,5.6,0.17,3375.926,3424.778,3468.657,1276633.37,1316730.46,1546412.49
2016-12-15,3363.86,3378.04,3340.43,3327.14,1149606.62,-38.52,-1.14,3405.46,3443.07,3472.228,1395689.15,1422310.51,1559000.38
2016-12-14,3399.41,3412.28,3378.95,3378.27,1240077.5,-26.09,-0.77,3431.402,3465.531,3477.034,1400535.67,1487520.61,1562300.91
2016-12-13,3394.21,3416.21,3405.04,3370.6,1211051.0,-4.14,-0.12,3450.762,3481.436,3479.566,1381210.37,1542073.04,1565201.29
2016-12-12,3489.27,3495.8,3409.18,3400.79,1874677.5,-84.52,-2.42,3461.584,3497.336,3480.807,1370058.35,1657886.29,1571931.91
2016-12-09,3464.87,3507.93,3493.7,3461.76,1503033.12,23.56,0.68,3473.63,3509.926,3481.861,1356827.55,1677794.03,1584821.58
2016-12-08,3481.81,3484.34,3470.14,3466.51,1173839.25,-5.61,-0.16,3480.68,3512.686,3478.037,1448931.88,1681112.21,1609060.68
2016-12-07,3458.37,3475.75,3475.75,3445.76,1143451.0,16.6,0.48,3499.66,3514.546,3474.06,1574505.55,1709474.59,1617721.48
2016-12-06,3466.24,3477.59,3459.15,3456.81,1155290.88,-10.26,-0.3,3512.11,3514.444,3467.925,1702935.7,1757517.99,1630103.96
2016-12-05,3473.69,3496.88,3469.41,3457.34,1808523.5,-59.54,-1.69,3533.088,3515.365,3463.524,1945714.22,1810512.35,1623913.56
2016-12-02,3559.77,3562.55,3528.95,3516.79,1963554.75,-36.09,-1.01,3546.222,3512.535,3457.883,1998760.5,1776094.53,1583426.38
2016-12-01,3543.96,3575.97,3565.04,3543.25,1801707.62,27.04,0.76,3544.692,3501.386,3449.144,1913292.55,1695690.25,1537283.47
2016-11-30,3557.64,3567.07,3538.0,3527.02,1785601.75,-26.04,-0.73,3529.432,3488.536,3439.146,1844443.63,1637081.21,1510309.84
2016-11-29,3525.9,3583.72,3564.04,3521.38,2369183.5,28.96,0.82,3516.778,3477.695,3428.914,1812100.28,1588329.55,1466628.3
2016-11-28,3538.68,3553.36,3535.08,3528.32,2073754.88,13.78,0.39,3497.642,3464.278,3418.664,1675310.48,1485977.53,1385638.23
2016-11-25,3490.04,3521.3,3521.3,3463.95,1536215.0,32.56,0.93,3478.848,3453.795,3408.724,1553428.55,1491849.14,1317626.92
2016-11-24,3468.81,3508.16,3488.74,3467.01,1457463.0,14.01,0.4,3458.08,3443.387,3399.666,1478087.95,1537009.14,1287382.82
2016-11-23,3473.89,3492.96,3474.73,3465.76,1623885.0,6.37,0.18,3447.64,3433.574,3392.514,1429718.8,1525968.38,1253324.59
2016-11-22,3443.22,3469.22,3468.36,3443.22,1685234.5,27.25,0.79,3438.612,3421.406,3386.517,1364558.82,1502689.94,1221142.74
2016-11-21,3412.65,3463.14,3441.11,3412.08,1464345.25,23.65,0.69,3430.914,3411.682,3381.472,1296644.57,1437314.77,1192476.86
2016-11-18,3437.49,3443.12,3417.46,3413.27,1159512.0,-19.08,-0.56,3428.742,3403.23,3377.795,1430269.72,1390758.23,1195766.77
2016-11-17,3423.47,3437.67,3436.54,3412.88,1215617.25,6.95,0.2,3428.694,3396.901,3373.309,1595930.32,1378876.69,1192683.76
2016-11-16,3432.43,3435.64,3429.59,3419.24,1298085.12,-0.28,-0.01,3419.508,3389.756,3367.412,1622217.95,1383538.46,1171522.33
2016-11-15,3428.87,3434.92,3429.87,3415.99,1345663.25,-0.38,-0.01,3404.2,3380.132,3361.745,1640821.05,1344927.06,1157201.93
2016-11-14,3409.22,3452.62,3430.25,3408.14,2132471.0,13.03,0.38,3392.45,3373.05,3356.318,1577984.96,1285298.93,1141349.13
2016-11-11,3387.95,3422.67,3417.22,3382.89,1987815.0,26.61,0.79,3377.718,3363.653,3348.699,1351246.74,1143404.69,1077782.33
2016-11-10,3374.91,3403.02,3390.61,3374.91,1347055.38,37.56,1.12,3365.108,3355.944,3343.131,1161823.05,1037756.5,1019549.72
2016-11-09,3370.6,3373.1,3353.05,3322.08,1391100.62,-18.07,-0.54,3360.004,3351.453,3338.733,1144858.97,980680.81,992809.05
2016-11-08,3367.7,3383.92,3371.12,3361.13,1031482.81,14.53,0.43,3356.064,3351.628,3336.081,1049033.06,939595.54,957588.91
2016-11-07,3353.44,3362.74,3356.59,3342.31,998779.88,2.42,0.07,3353.65,3351.261,3332.853,992612.9,947638.94,949871.35
2016-11-04,3362.21,3377.64,3354.17,3348.43,1040696.56,-10.92,-0.33,3349.588,3352.36,3329.717,935562.65,1000775.31,940191.98
2016-11-03,3326.9,3379.99,3365.09,3324.84,1262235.0,31.74,0.95,3346.78,3349.717,3324.672,913689.95,1006490.83,910646.17
2016-11-02,3350.71,3356.4,3333.35,3331.38,911971.06,-25.7,-0.77,3342.902,3345.068,3318.637,816502.65,959506.19,875260.69
2016-11-01,3338.71,3359.39,3359.05,3334.46,749382.0,22.77,0.68,3347.192,3343.357,3313.514,830158.01,969476.81,852025.89
2016-10-31,3332.41,3340.47,3336.28,3317.33,713528.62,-3.85,-0.12,3348.872,3339.585,3307.599,902664.99,997399.33,843787.07
2016-10-28,3347.14,3370.75,3340.13,3337.29,931333.06,-5.57,-0.17,3355.132,3333.745,3301.799,1065987.96,1012159.97,843336.73
2016-10-27,3351.46,3352.35,3345.7,3335.13,776298.5,-9.1,-0.27,3352.654,3330.317,3298.576,1099291.7,1001342.93,825767.07
2016-10-26,3365.2,3367.83,3354.8,3349.57,980247.88,-12.65,-0.38,3347.234,3326.012,3295.847,1102509.74,1004937.28,824828.92
2016-10-25,3367.48,3373.91,3367.45,3356.59,1111916.88,-0.13,-0.0,3339.522,3320.533,3291.439,1108795.61,975582.28,805388.01
2016-10-24,3332.51,3382.83,3367.58,3330.97,1530143.5,39.84,1.2,3330.298,3314.444,3285.937,1092133.66,952103.75,776184.27
2016-10-21,3315.72,3341.56,3327.74,3309.18,1097851.75,9.14,0.28,3312.358,3307.073,3280.714,958331.97,879608.66,729092.64
2016-10-20,3317.18,3324.9,3318.6,3312.17,792388.69,2.36,0.07,3307.98,3299.627,3276.263,903394.16,814801.51,709416.4
2016-10-19,3323.3,3332.52,3316.24,3309.83,1011677.25,-5.09,-0.15,3304.79,3292.206,3273.35,907364.82,791015.2,703387.11
2016-10-18,3272.68,3321.33,3321.33,3272.68,1028607.12,43.45,1.33,3301.544,3283.671,3270.668,842368.94,734574.97,714262.09
2016-10-17,3305.96,3309.01,3277.88,3271.54,861135.06,-27.97,-0.85,3298.59,3275.613,3270.503,812073.84,690174.81,704160.25
2016-10-14,3298.73,3306.69,3305.85,3285.73,823162.69,3.2,0.1,3301.788,3269.853,3273.587,800885.35,674513.49,697061.58
2016-10-13,3299.16,3307.41,3302.65,3292.4,812242.0,2.64,0.08,3291.274,3266.835,3275.336,726208.85,650191.21,707373.5
2016-10-12,3299.14,3302.56,3300.01,3289.75,686697.81,-6.55,-0.2,3279.622,3265.682,3277.335,674665.57,644720.55,715903.4
2016-10-11,3296.87,3308.0,3306.56,3292.88,877131.62,12.69,0.39,3265.798,3262.345,3278.318,626781.0,635193.75,720714.74
2016-10-10,3265.36,3294.64,3293.87,3258.96,805192.62,40.59,1.25,3252.636,3257.429,3278.696,568275.77,600264.79,718254.06
2016-09-30,3240.18,3260.94,3253.28,3239.04,449780.22,8.89,0.27,3237.918,3254.354,3279.081,548141.63,578576.61,720468.04
2016-09-29,3234.86,3257.77,3244.39,3234.8,554525.56,13.5,0.42,3242.396,3252.899,3282.807,574173.56,604031.29,737764.43
2016-09-28,3243.65,3243.65,3230.89,3228.0,447274.97,-9.86,-0.3,3251.742,3254.493,3286.187,614775.53,615759.02,747901.15
2016-09-27,3214.87,3240.78,3240.75,3214.44,584605.5,20.47,0.64,3258.892,3257.664,3290.031,643606.5,693949.21,764055.57
2016-09-26,3267.69,3267.69,3220.28,3220.28,704521.88,-55.39,-1.69,3262.222,3265.393,3293.348,632253.81,718145.7,775590.64
2016-09-23,3292.28,3293.92,3275.67,3275.03,579939.88,-15.45,-0.47,3270.79,3277.321,3297.783,609011.6,719609.67,790659.12
2016-09-22,3281.47,3303.2,3291.12,3277.98,757535.44,24.48,0.75,3263.402,3283.836,3300.492,633889.02,764555.79,802257.84
2016-09-21,3257.71,3270.9,3266.64,3254.32,591429.81,9.24,0.28,3257.244,3288.987,3303.028,616742.51,787086.24,810843.33
2016-09-20,3264.66,3265.04,3257.4,3252.39,527842.06,-5.72,-0.17,3256.436,3294.291,3306.535,744291.93,806235.74,835247.34
2016-09-19,3242.74,3264.9,3263.12,3242.74,588310.81,24.39,0.75,3268.564,3299.962,3311.916,804037.59,836243.33,868836.0
2016-09-14,3245.74,3255.0,3238.73,3231.34,704327.0,-21.6,-0.66,3283.852,3303.808,3316.985,830207.74,862359.47,910610.54
2016-09-13,3265.34,3269.22,3260.33,3246.39,671802.88,-2.27,-0.07,3304.27,3312.714,3323.701,895222.55,871497.58,944818.04
2016-09-12,3271.87,3276.72,3262.6,3234.57,1229176.88,-55.44,-1.67,3320.73,3317.88,3329.597,957429.98,880043.28,1009422.76
2016-09-09,3339.37,3344.95,3318.04,3318.04,826570.38,-21.52,-0.64,3332.146,3322.398,3336.138,868179.55,834161.92,1058235.63
2016-09-08,3338.01,3343.4,3339.56,3328.23,719161.56,-1.26,-0.04,3331.36,3321.303,3334.947,868449.07,833035.58,1075034.14
2016-09-07,3344.07,3357.36,3340.82,3337.75,1029401.06,-1.81,-0.05,3323.764,3318.244,3329.637,894511.2,861708.57,1089596.67
2016-09-06,3322.02,3347.95,3342.63,3300.13,982840.0,22.95,0.69,3321.158,3317.148,3324.763,847772.6,839959.89,1083341.8
2016-09-05,3321.01,3338.42,3319.68,3314.63,782924.75,5.57,0.17,3315.03,3317.068,3320.481,802656.58,834600.41,1079732.43
2016-09-02,3298.72,3320.43,3314.11,3295.76,827918.0,12.53,0.38,3312.65,3318.779,3316.206,800144.29,864258.95,1083924.22
2016-09-01,3326.74,3329.35,3301.58,3301.21,849472.19,-26.21,-0.79,3311.246,3323.87,3310.756,797622.08,901428.66,1081126.5
2016-08-31,3310.57,3333.97,3327.79,3304.66,795708.06,15.8,0.48,3312.724,3330.161,3305.741,828905.94,958861.62,1075405.08
2016-08-30,3310.32,3325.12,3311.99,3304.6,757259.88,4.21,0.13,3313.138,3334.687,3299.027,832147.19,1018138.5,1072051.73
2016-08-29,3306.57,3315.08,3307.78,3297.07,770363.31,0.69,0.02,3319.106,3341.313,3292.88,866544.25,1138802.25,1065272.55
2016-08-26,3312.5,3328.95,3307.09,3301.74,815306.94,-1.88,-0.06,3324.908,3349.877,3286.332,928373.61,1282309.34,1070256.13
2016-08-25,3314.08,3315.08,3308.97,3279.81,1005891.5,-20.89,-0.63,3336.494,3348.591,3281.174,1005235.25,1317032.7,1073513.21
2016-08-24,3341.93,3348.13,3329.86,3323.73,811914.31,-11.97,-0.36,3347.598,3341.03,3276.782,1088817.3,1317484.76,1079608.61
2016-08-23,3332.62,3359.65,3341.83,3324.96,929245.19,5.04,0.15,3356.236,3332.378,3271.201,1204129.81,1326723.71,1119107.23
2016-08-22,3364.68,3372.83,3336.79,3335.47,1079510.12,-28.23,-0.84,3363.52,3323.893,3267.589,1411060.25,1324864.44,1113170.51
2016-08-19,3358.56,3374.05,3365.02,3341.19,1199615.12,0.53,0.02,3374.846,3313.632,3262.294,1636245.08,1303589.48,1094296.6
2016-08-18,3369.95,3394.79,3364.49,3349.69,1423801.75,-8.56,-0.25,3360.688,3297.641,3255.301,1628830.15,1260824.34,1077330.41
2016-08-17,3377.77,3394.39,3373.05,3356.92,1388476.88,-5.2,-0.15,3334.462,3281.321,3249.703,1546152.23,1191948.54,1049142.73
2016-08-16,3403.38,3418.69,3378.25,3372.02,1963897.38,-15.17,-0.45,3308.52,3263.367,3242.931,1449317.6,1125964.95,1016069.52
2016-08-15,3303.47,3417.91,3393.42,3302.38,2205434.25,99.19,3.01,3284.266,3244.447,3236.43,1238668.64,991742.85,962318.08
2016-08-12,3231.81,3294.23,3294.23,3231.14,1162540.5,60.87,1.88,3252.418,3222.786,3229.86,970933.89,858202.93,907202.62
2016-08-11,3239.56,3274.03,3233.36,3232.61,1010412.12,-9.98,-0.31,3234.594,3213.756,3228.962,892818.52,829993.71,900408.11
2016-08-10,3255.18,3261.86,3243.34,3242.75,904303.75,-13.64,-0.42,3228.18,3212.534,3231.132,837744.85,841732.46,903650.4
2016-08-09,3232.6,3257.33,3256.98,3229.17,910652.56,22.8,0.7,3218.214,3210.024,3233.109,802612.3,911490.75,946033.26
2016-08-08,3199.57,3234.48,3234.18,3187.25,866760.5,29.07,0.91,3204.628,3211.285,3233.919,744817.06,901476.58,986767.74
2016-08-05,3201.35,3224.87,3205.11,3192.86,771963.69,3.82,0.12,3193.154,3210.956,3232.376,745471.96,885003.72,1012694.47
2016-08-04,3190.55,3201.55,3201.29,3170.42,735043.75,7.78,0.24,3192.918,3212.961,3231.735,767168.9,893836.48,1018963.71
2016-08-03,3179.68,3197.16,3193.51,3173.54,728641.0,4.46,0.14,3196.888,3218.084,3232.168,845720.08,906336.93,1041509.12
2016-08-02,3173.76,3189.05,3189.05,3165.54,621676.38,12.24,0.39,3201.834,3222.494,3233.332,1020369.2,906174.08,1067525.81
2016-08-01,3196.43,3199.98,3176.81,3156.75,870035.0,-27.12,-0.85,3217.942,3228.412,3234.249,1058136.1,932893.31,1101555.44
2016-07-29,3217.19,3225.42,3203.93,3198.68,880448.38,-17.21,-0.53,3228.758,3236.933,3235.643,1024535.48,956202.32,1124708.95
2016-07-28,3204.46,3235.78,3221.14,3195.27,1127799.62,2.9,0.09,3233.004,3244.168,3233.157,1020504.05,970822.51,1116559.67
2016-07-27,3270.08,3276.51,3218.24,3157.41,1601886.62,-51.35,-1.57,3239.28,3249.73,3229.796,966953.78,965568.34,1100016.0
2016-07-26,3228.23,3269.75,3269.59,3228.01,810510.88,38.7,1.2,3243.154,3256.193,3226.453,791978.96,980575.77,1071783.5
2016-07-25,3220.17,3243.79,3230.89,3218.14,702031.88,5.73,0.18,3238.882,3256.552,3219.794,807650.51,1072058.89,1077270.28
2016-07-22,3251.24,3253.77,3225.16,3220.89,860291.25,-27.36,-0.84,3245.108,3253.796,3214.276,887869.16,1140385.22,1083802.31
2016-07-21,3238.34,3271.37,3252.52,3238.3,860048.25,14.91,0.46,3255.332,3250.508,3206.876,921140.96,1144090.95,1093183.85
2016-07-20,3246.86,3254.51,3237.61,3232.26,727012.56,-10.62,-0.33,3260.18,3246.251,3200.116,964182.91,1176681.32,1084057.31
2016-07-19,3260.43,3264.73,3248.23,3226.2,888868.62,-13.79,-0.42,3269.232,3244.17,3194.934,1169172.57,1228877.53,1080950.24
2016-07-18,3269.71,3281.64,3262.02,3251.77,1103125.12,-14.26,-0.43,3274.222,3240.085,3187.838,1336467.27,1270217.57,1080489.48
2016-07-15,3278.84,3285.03,3276.28,3265.29,1026650.25,-0.48,-0.01,3262.484,3234.353,3180.371,1392901.27,1293215.58,1057126.79
2016-07-14,3277.48,3281.95,3276.76,3259.07,1075258.0,-6.11,-0.19,3245.684,3222.145,3172.075,1367040.94,1262296.84,1048495.78
2016-07-13,3274.02,3300.99,3282.87,3271.78,1751960.88,9.69,0.3,3232.322,3209.861,3162.97,1389179.74,1234463.66,1036220.23
2016-07-12,3201.91,3273.47,3273.18,3200.3,1725342.12,69.85,2.18,3219.108,3196.713,3154.645,1288582.48,1162991.24,992318.81
2016-07-11,3199.04,3235.96,3203.33,3197.63,1385295.12,11.05,0.35,3205.948,3183.035,3144.785,1203967.86,1082481.66,939191.43
2016-07-08,3199.75,3204.93,3192.28,3183.96,897348.56,-17.67,-0.55,3206.222,3174.756,3137.936,1193529.89,1027219.41,916414.65
2016-07-07,3206.55,3220.54,3209.95,3190.12,1185952.0,-6.85,-0.21,3198.606,3163.244,3136.521,1157552.74,1042276.76,909693.11
2016-07-06,3197.62,3217.52,3216.8,3183.45,1248974.62,9.42,0.29,3187.4,3153.981,3134.876,1079747.57,991433.29,884859.67
2016-07-05,3199.16,3216.7,3207.38,3198.0,1302269.0,2.68,0.08,3174.318,3145.697,3132.976,1037399.99,933022.94,860757.81
2016-07-04,3136.39,3210.6,3204.7,3134.02,1333105.25,50.5,1.6,3160.122,3135.591,3132.073,960995.46,890761.39,846390.25
2016-07-01,3156.93,3170.26,3154.2,3148.29,717462.81,0.28,0.01,3143.29,3126.388,3130.193,860908.93,821038.01,822736.7
2016-06-30,3152.83,3163.72,3153.92,3148.2,796926.19,2.53,0.08,3127.882,3122.004,3130.511,927000.78,834694.71,843437.8
2016-06-29,3142.48,3158.08,3151.39,3139.13,1037236.69,14.99,0.48,3120.562,3116.079,3131.293,903119.01,837976.8,873023.05
2016-06-28,3107.4,3139.43,3136.4,3099.7,920246.38,15.86,0.51,3117.076,3112.577,3127.059,828645.9,821646.38,852710.51
2016-06-27,3065.13,3120.64,3120.54,3064.97,832672.56,43.38,1.41,3111.06,3106.535,3123.364,820527.31,795901.2,836932.56
2016-06-24,3110.65,3130.54,3077.16,3033.97,1047922.06,-40.16,-1.29,3109.486,3101.115,3120.547,781167.09,805609.89,825495.42
2016-06-23,3129.72,3129.72,3117.32,3102.48,677517.38,-16.64,-0.53,3116.126,3109.798,3119.651,742388.65,777109.46,801425.72
2016-06-22,3100.45,3134.06,3133.96,3096.99,664871.12,27.64,0.89,3111.596,3115.771,3116.963,772834.58,778286.04,796917.05
2016-06-21,3124.9,3155.49,3106.32,3097.94,879653.44,-6.35,-0.2,3108.078,3120.254,3114.626,814646.86,788492.68,793522.1
2016-06-20,3114.91,3118.73,3112.67,3089.71,635871.44,2.31,0.07,3102.01,3128.555,3113.221,771275.09,802019.11,777579.85
2016-06-17,3096.09,3131.05,3110.36,3096.09,854029.88,15.69,0.51,3092.744,3133.998,3110.712,830052.7,824435.39,776008.36
2016-06-16,3104.36,3112.48,3094.67,3089.48,829747.0,-21.7,-0.7,3103.47,3139.017,3108.596,811830.27,852180.89,774664.55
2016-06-15,3043.96,3128.67,3116.37,3042.23,873932.56,40.39,1.31,3119.946,3146.506,3108.164,783737.5,908069.31,765816.27
2016-06-14,3058.44,3078.75,3075.98,3055.66,662794.56,9.64,0.31,3132.43,3141.54,3107.111,762338.49,883774.63,751850.57
2016-06-13,3134.05,3145.61,3066.34,3065.77,929759.5,-97.65,-3.09,3155.1,3140.192,3107.059,832763.14,877963.92,750025.72
2016-06-08,3171.81,3174.97,3163.99,3148.35,762917.75,-13.06,-0.41,3175.252,3139.979,3108.249,818818.09,845380.96,742920.6
2016-06-07,3182.44,3186.62,3177.05,3168.18,689283.12,-1.74,-0.06,3174.564,3129.503,3104.19,892531.51,825741.98,745671.84
2016-06-06,3192.78,3197.22,3178.79,3168.55,766937.5,-10.54,-0.33,3173.066,3118.154,3098.793,1032401.11,815548.06,745632.66
2016-06-03,3172.95,3201.75,3189.33,3162.09,1014917.81,22.23,0.7,3150.65,3108.997,3093.134,1005210.77,798551.53,756901.02
2016-06-02,3158.03,3168.82,3167.1,3151.07,860034.25,6.55,0.21,3125.284,3097.886,3090.185,923164.71,753140.59,760495.25
2016-06-01,3172.96,3181.79,3160.55,3159.82,1131484.88,-9.01,-0.28,3104.706,3087.426,3092.526,871943.82,727581.33,754860.38
2016-05-31,3068.6,3170.93,3169.56,3068.6,1388631.12,102.85,3.35,3084.442,3078.175,3094.972,758952.45,697148.21,743717.33
2016-05-30,3056.31,3075.26,3066.71,3037.66,630985.81,4.21,0.14,3063.242,3069.821,3097.171,598695.0,623563.23,723368.2
2016-05-27,3059.73,3073.76,3062.5,3052.18,604687.5,-1.71,-0.06,3067.344,3072.681,3101.673,591892.28,619926.5,720833.79
2016-05-26,3056.6,3072.52,3064.21,3027.44,603929.81,4.98,0.16,3070.488,3073.925,3106.577,583116.46,622087.51,725534.75
2016-05-25,3079.75,3089.1,3059.23,3054.87,566528.0,-4.33,-0.14,3070.146,3076.518,3111.662,583218.84,640460.25,725340.34
2016-05-24,3083.24,3083.26,3063.56,3052.59,587343.88,-23.66,-0.77,3071.908,3078.876,3117.659,635343.98,665601.71,726524.3
2016-05-23,3078.52,3098.48,3087.22,3076.5,596972.19,9.0,0.29,3076.4,3079.431,3122.582,648431.45,675717.26,730916.78
2016-05-20,3047.78,3078.53,3078.22,3041.52,560808.44,15.72,0.51,3078.018,3077.271,3126.966,647960.73,715250.51,739607.42
2016-05-19,3060.34,3086.98,3062.5,3058.15,604441.69,-5.54,-0.18,3077.362,3082.484,3131.085,661058.55,767849.91,763943.32
2016-05-18,3071.53,3072.61,3068.04,3039.46,827153.69,-17.98,-0.58,3082.89,3097.626,3137.012,697701.66,782139.42,814825.17
2016-05-17,3095.52,3105.2,3086.02,3073.46,652781.25,-9.29,-0.3,3085.844,3111.768,3145.525,695859.44,790286.46,813903.2
2016-05-16,3064.53,3095.56,3095.31,3053.66,594618.56,20.37,0.66,3082.462,3124.52,3152.646,703003.06,823173.17,829809.18
2016-05-13,3081.68,3103.1,3074.94,3064.69,626297.56,-15.2,-0.49,3076.524,3130.664,3161.491,782540.3,821741.09,849982.01
2016-05-12,3059.38,3095.35,3090.14,3035.02,787657.25,7.33,0.24,3087.606,3139.228,3171.536,874641.26,828981.99,875245.8
2016-05-11,3080.64,3102.88,3082.81,3063.09,817942.56,13.7,0.45,3112.362,3146.806,3180.098,866577.18,810220.42,933669.87
2016-05-10,3055.21,3084.72,3069.11,3055.18,688499.38,3.49,0.11,3137.692,3156.441,3186.88,884713.48,787446.89,939207.46
2016-05-09,3115.43,3115.43,3065.62,3055.01,992304.75,-64.73,-2.07,3166.578,3165.733,3194.929,943343.28,786116.31,967388.84
2016-05-06,3213.14,3216.89,3130.35,3130.15,1086802.38,-83.57,-2.6,3184.804,3176.661,3200.935,860941.88,763964.33,968276.42
2016-05-05,3204.17,3217.28,3213.92,3196.57,747336.81,4.46,0.14,3190.85,3179.686,3204.882,783322.72,760036.74,970141.03
2016-05-04,3203.47,3222.88,3209.46,3198.29,908624.06,-4.08,-0.13,3181.25,3176.397,3207.062,753863.66,847510.92,992872.34
2016-05-03,3159.82,3218.49,3213.54,3151.4,981648.38,56.79,1.8,3175.19,3179.281,3209.814,690180.31,837519.95,1020465.02
2016-04-29,3153.54,3171.29,3156.75,3149.4,580297.75,-3.83,-0.12,3164.888,3180.772,3210.231,628889.34,836445.18,1030443.67
2016-04-28,3169.33,3174.77,3160.58,3135.64,698706.62,-5.34,-0.17,3168.518,3192.318,3213.298,666986.77,878222.94,1062204.82
2016-04-27,3181.93,3188.83,3165.92,3162.69,600041.5,-13.24,-0.42,3168.522,3203.843,3216.083,736750.75,921509.6,1086170.75
2016-04-26,3159.77,3181.1,3179.16,3150.4,590207.31,17.13,0.54,3171.544,3213.389,3214.558,941158.17,1057119.31,1104816.05
2016-04-25,3164.74,3172.27,3162.03,3137.11,675193.5,-12.87,-0.41,3183.372,3217.318,3214.086,984859.59,1090968.02,1127026.65
2016-04-22,3142.56,3175.38,3174.9,3137.99,770784.94,14.3,0.45,3196.656,3224.125,3215.876,1044001.03,1148661.38,1141964.64
2016-04-21,3160.8,3198.56,3160.6,3150.94,1047526.5,-20.43,-0.64,3216.118,3225.208,3216.223,1089459.1,1172588.51,1169990.96
2016-04-20,3244.14,3248.42,3181.03,3107.37,1622078.62,-57.27,-1.77,3239.164,3230.077,3219.998,1106268.45,1180245.32,1180454.27
2016-04-19,3243.97,3250.73,3238.3,3221.58,808714.38,9.85,0.3,3255.234,3237.727,3222.236,1173080.45,1138233.76,1179860.79
2016-04-18,3252.67,3252.67,3228.45,3221.66,970900.69,-43.76,-1.34,3251.264,3240.346,3222.793,1197076.45,1203410.1,1256059.81
2016-04-15,3279.86,3282.98,3272.21,3261.73,998075.31,-3.62,-0.11,3251.594,3239.69,3219.968,1253321.74,1224442.17,1306166.06
2016-04-14,3277.1,3286.07,3275.83,3252.05,1131573.25,14.45,0.44,3234.298,3234.278,3212.568,1255717.92,1246186.71,1317093.18
2016-04-13,3237.86,3296.52,3261.38,3237.86,1956138.62,42.93,1.33,3220.99,3228.323,3203.278,1254222.2,1250831.9,1322882.74
2016-04-12,3227.37,3232.26,3218.45,3198.9,928694.38,-11.65,-0.36,3220.22,3215.726,3193.948,1103387.07,1152512.79,1274231.78
2016-04-11,3213.51,3251.57,3230.1,3213.51,1252127.12,44.37,1.39,3229.428,3210.854,3186.31,1209743.75,1163085.28,1286351.39
2016-04-08,3189.85,3197.77,3185.73,3163.31,1010056.25,-23.56,-0.73,3227.786,3207.626,3175.719,1195562.6,1135267.9,1260411.82
2016-04-07,3266.29,3270.82,3209.29,3208.64,1124094.62,-48.24,-1.48,3234.258,3207.238,3167.09,1236655.5,1167393.4,1247945.1
2016-04-06,3250.52,3267.64,3257.53,3236.2,1201963.0,-6.96,-0.21,3235.656,3209.918,3160.221,1247441.6,1180663.23,1247473.5
2016-04-05,3211.3,3271.93,3264.49,3205.21,1460477.75,42.6,1.32,3211.232,3206.744,3152.728,1201638.5,1221487.83,1255493.22
2016-04-01,3213.67,3222.61,3221.89,3165.86,1181221.38,3.8,0.12,3192.28,3205.239,3144.745,1116426.81,1308709.53,1248700.35
2016-03-31,3229.2,3241.93,3218.09,3208.66,1215520.75,1.81,0.06,3187.466,3200.246,3138.345,1074973.2,1387889.95,1299225.54
2016-03-30,3161.29,3216.68,3216.28,3161.29,1178025.12,80.87,2.58,3180.218,3190.857,3130.362,1098131.3,1387999.65,1325002.38
2016-03-29,3171.31,3178.07,3135.41,3122.76,972947.5,-34.32,-1.08,3184.18,3178.232,3122.114,1113884.85,1394933.59,1354087.3
2016-03-28,3206.95,3229.62,3169.73,3161.88,1034419.31,-28.09,-0.88,3202.256,3172.169,3111.878,1241337.15,1395950.78,1363462.88
2016-03-25,3176.81,3204.44,3197.82,3174.32,973953.31,15.97,0.5,3218.198,3161.765,3097.265,1500992.24,1409617.5,1376412.43
2016-03-24,3211.5,3221.91,3181.85,3181.81,1331311.25,-54.24,-1.68,3213.026,3143.811,3084.776,1700806.7,1385555.73,1381189.62
2016-03-23,3217.73,3242.25,3236.09,3202.98,1256792.88,10.3,0.32,3201.496,3126.941,3071.621,1677868.0,1328496.81,1393538.93
2016-03-22,3231.61,3249.68,3225.79,3218.73,1610209.0,-23.65,-0.73,3172.284,3110.523,3065.294,1675982.32,1314283.77,1386590.62
2016-03-21,3203.29,3267.78,3249.44,3198.36,2332694.75,77.48,2.44,3142.082,3098.711,3058.472,1550564.41,1289498.61,1362363.86
2016-03-18,3136.22,3197.67,3171.96,3130.1,1973025.62,47.76,1.53,3105.332,3084.251,3051.944,1318242.76,1188691.17,1316202.6
2016-03-17,3096.81,3147.84,3124.2,3077.57,1216617.75,34.17,1.11,3074.596,3076.444,3045.925,1070304.76,1210561.13,1261220.33
2016-03-16,3068.87,3100.35,3090.03,3064.52,1247364.5,15.25,0.5,3052.386,3069.866,3042.4,979125.61,1262005.11,1262590.17
2016-03-15,3061.34,3077.08,3074.78,3028.58,983119.44,9.09,0.3,3048.762,3065.996,3041.065,952585.21,1313241.01,1264367.75
2016-03-14,3039.57,3106.8,3065.69,3034.0,1171086.5,47.41,1.57,3055.34,3051.587,3039.178,1028432.8,1330974.98,1271501.6
2016-03-11,2990.21,3026.44,3018.28,2982.17,733335.62,5.13,0.17,3063.17,3032.765,3033.229,1059139.58,1343207.35,1249406.99
2016-03-10,3056.21,3074.16,3013.15,3012.69,760722.0,-58.76,-1.91,3078.292,3025.74,3030.504,1350817.5,1376823.51,1251165.61
2016-03-09,3045.92,3072.92,3071.91,3020.13,1114662.5,-35.76,-1.15,3087.346,3016.3,3029.085,1544884.6,1458581.06,1259019.37
2016-03-08,3100.15,3109.25,3107.67,3001.83,1362357.38,2.83,0.09,3083.23,3020.064,3022.921,1673896.8,1458897.46,1241980.75
2016-03-07,3109.0,3130.9,3104.84,3083.58,1324620.38,10.95,0.35,3047.834,3018.233,3015.604,1633517.15,1435229.11,1218163.86
2016-03-04,3047.54,3101.66,3093.89,3032.42,2191725.25,35.47,1.16,3002.36,3019.636,3005.415,1627275.12,1443714.04,1195330.51
2016-03-03,3050.39,3078.44,3058.42,3040.25,1731057.5,7.09,0.23,2973.188,3015.406,2998.025,1402829.52,1311879.52,1142396.38
2016-03-02,2933.92,3054.72,3051.33,2933.12,1759723.5,120.64,4.12,2945.254,3014.934,2987.792,1372277.52,1263175.24,1105454.89
2016-03-01,2881.34,2950.44,2930.69,2863.32,1160459.12,53.22,1.85,2956.898,3016.133,2981.743,1243898.12,1215494.5,1083583.39
2016-02-29,2939.58,2939.87,2877.47,2821.21,1293410.25,-70.56,-2.39,2988.632,3026.768,2982.234,1236941.08,1212028.22,1089027.4
2016-02-26,2942.1,2964.39,2948.03,2902.95,1069497.25,29.28,1.0,3036.912,3033.692,2994.805,1260152.95,1155606.63,1065126.92
2016-02-25,3104.41,3104.44,2918.75,2905.46,1578297.5,-190.8,-6.14,3057.624,3035.268,3003.076,1220929.52,1125507.71,1056627.6
2016-02-24,3077.61,3109.55,3109.55,3055.25,1117826.5,20.19,0.65,3084.614,3041.869,3011.206,1154072.95,1059457.69,1033307.59
2016-02-23,3117.2,3119.22,3089.36,3061.43,1125673.88,-29.51,-0.95,3075.368,3025.778,3014.448,1187090.87,1025064.04,1042741.52
2016-02-22,3083.93,3128.21,3118.87,3071.33,1409469.62,67.28,2.21,3064.904,3012.975,3021.136,1187115.37,1001098.61,1050284.77
2016-02-19,3047.94,3065.97,3051.59,3032.63,873380.12,-2.11,-0.07,3030.472,2991.193,3021.729,1051060.31,946946.99,1030375.48
2016-02-18,3079.53,3093.51,3053.7,3049.84,1244014.62,-9.62,-0.31,3012.912,2980.643,3025.086,1030085.9,972913.24,1049007.36
2016-02-17,3034.09,3065.78,3063.32,3027.05,1282916.12,26.28,0.86,2999.124,2960.649,3033.48,964842.42,947734.54,1054075.47
2016-02-16,2962.19,3042.09,3037.04,2962.19,1125796.38,90.33,3.06,2976.188,2947.352,3038.108,863037.2,951672.29,1050262.91
2016-02-15,2888.43,2961.49,2946.71,2886.02,729194.31,-17.08,-0.58,2961.046,2937.699,3047.041,815081.85,966026.57,1058085.99
2016-02-05,2982.06,2988.36,2963.79,2962.85,768508.06,-20.97,-0.7,2951.914,2955.917,3059.328,842833.67,974647.2,1108945.47
2016-02-04,2960.33,2999.21,2984.76,2960.21,917797.25,36.12,1.23,2948.374,2970.884,3079.217,915740.59,987747.49,1163499.79
2016-02-03,2931.29,2954.71,2948.64,2909.9,773890.0,-12.69,-0.43,2922.174,2980.543,3094.698,930626.65,1007157.5,1139661.25
2016-02-02,2901.53,2972.43,2961.33,2901.51,886019.62,60.28,2.08,2918.516,3003.117,3124.256,1040307.37,1060419.0,1173949.83
2016-02-01,2939.04,2944.52,2901.05,2869.56,867953.44,-45.04,-1.53,2914.352,3029.297,3150.129,1116971.3,1099470.93,1210707.34
2016-01-29,2855.6,2965.31,2946.09,2854.37,1133042.62,92.33,3.23,2959.92,3052.265,3178.53,1106460.73,1113803.97,1224995.01
2016-01-28,2909.33,2941.89,2853.76,2841.84,992227.56,-76.59,-2.61,2993.394,3069.529,3217.775,1059754.39,1125101.48,1219279.65
2016-01-27,2953.18,2963.54,2930.35,2839.29,1322293.62,-10.16,-0.35,3038.912,3106.31,3263.346,1083688.35,1160416.4,1222483.25
2016-01-26,3099.6,3106.53,2940.51,2934.65,1269339.25,-188.38,-6.02,3087.718,3128.863,3304.922,1080530.63,1148853.54,1207311.35
2016-01-25,3129.03,3149.33,3128.89,3105.1,815400.62,15.43,0.5,3144.242,3156.383,3344.278,1081970.55,1150145.41,1220838.6
2016-01-22,3114.9,3132.17,3113.46,3053.96,899510.88,32.11,1.04,3144.61,3162.739,3379.744,1121147.2,1243243.74,1239880.58
2016-01-21,3136.38,3202.54,3081.35,3081.35,1111897.38,-93.03,-2.93,3145.664,3187.549,3415.541,1190448.58,1339252.1,1268495.73
2016-01-20,3204.22,3225.95,3174.38,3154.43,1306505.0,-48.75,-1.51,3173.708,3208.852,3454.792,1237144.45,1272165.01,1316409.44
2016-01-19,3132.7,3227.91,3223.13,3119.22,1276538.88,92.4,2.95,3170.008,3245.395,3489.91,1217176.45,1287480.66,1341236.02
2016-01-18,3068.23,3165.62,3130.73,3066.73,1011283.88,12.0,0.39,3168.524,3270.96,3522.051,1218320.28,1321943.76,1386126.71
2016-01-15,3200.89,3216.8,3118.73,3101.05,1246017.75,-102.84,-3.19,3180.868,3304.794,3553.91,1365340.28,1336186.04,1422295.51
2016-01-14,3076.64,3226.66,3221.57,3072.04,1345376.75,65.69,2.08,3229.434,3366.021,3585.768,1488055.63,1313457.82,1448956.66
2016-01-13,3240.48,3257.3,3155.88,3155.88,1206665.0,-59.83,-1.86,3243.996,3420.382,3608.962,1307185.56,1284550.1,1437359.18
2016-01-12,3214.82,3242.25,3215.71,3174.55,1282258.0,23.26,0.73,3320.782,3480.981,3635.887,1357784.86,1265769.15,1440266.79
2016-01-11,3303.12,3342.48,3192.45,3192.45,1746383.88,-169.11,-5.03,3373.396,3532.173,3660.668,1425567.23,1291531.79,1452038.45
2016-01-08,3371.87,3418.85,3361.56,3237.93,1859594.5,67.18,2.04,3428.72,3596.748,3681.448,1307031.81,1236517.42,1419880.5
2016-01-07,3481.15,3481.15,3294.38,3284.74,441026.41,-245.43,-6.93,3502.608,3643.532,3694.524,1138860.02,1197739.37,1387008.58
2016-01-06,3482.41,3543.74,3539.81,3468.47,1459661.5,61.03,1.75,3596.768,3700.732,3711.602,1261914.64,1360653.88,1421619.97
2016-01-05,3382.18,3518.22,3478.78,3377.28,1621169.88,9.71,0.28,3641.18,3734.424,3715.763,1173753.45,1394991.39,1411527.44
2016-01-04,3725.86,3726.24,3469.07,3468.95,1153706.75,-261.93,-7.02,3690.95,3773.142,3726.204,1157496.35,1450309.67,1387410.52
2015-12-31,3760.9,3772.62,3731.0,3727.32,1018735.56,-34.18,-0.91,3764.776,3803.026,3736.63,1166003.02,1508404.97,1405324.95
2015-12-30,3762.91,3765.66,3765.18,3726.28,1056299.5,3.31,0.09,3784.456,3805.515,3737.545,1256618.71,1584455.49,1453269.23
2015-12-29,3723.05,3762.05,3761.87,3710.48,1018855.56,34.24,0.92,3804.696,3797.541,3735.384,1459393.11,1590168.27,1507223.7
2015-12-28,3847.53,3853.39,3727.63,3727.63,1539884.38,-110.57,-2.88,3827.668,3790.793,3726.875,1616229.32,1614764.42,1524549.19
2015-12-25,3832.08,3848.02,3838.2,3813.2,1196240.12,8.8,0.23,3855.334,3789.162,3718.814,1743123.0,1612545.11,1534155.56
2015-12-24,3858.13,3867.68,3829.4,3787.08,1471814.0,-36.98,-0.96,3841.276,3766.148,3704.754,1850806.92,1603243.57,1578813.23
2015-12-23,3877.87,3926.69,3866.38,3862.96,2070171.5,-10.35,-0.27,3826.574,3745.516,3701.255,1912292.27,1576277.8,1591985.26
2015-12-22,3872.1,3880.47,3876.73,3841.59,1803036.62,10.77,0.28,3790.386,3722.472,3697.017,1720943.42,1482586.07,1564449.16
2015-12-21,3762.1,3877.82,3865.96,3759.99,2174352.75,98.05,2.6,3753.918,3697.101,3690.875,1613299.52,1428063.5,1545988.97
2015-12-18,3754.96,3810.22,3767.91,3750.93,1734659.75,12.02,0.32,3722.99,3679.266,3685.244,1481967.22,1324511.38,1525084.74
2015-12-17,3712.78,3768.84,3755.89,3709.85,1779240.75,70.45,1.91,3691.02,3670.234,3685.567,1355680.22,1302244.93,1531827.59
2015-12-16,3703.95,3713.09,3685.44,3677.45,1113427.25,-8.95,-0.24,3664.458,3669.575,3686.521,1240263.32,1322082.98,1520181.55
2015-12-15,3707.73,3717.36,3694.39,3679.23,1264817.12,-16.93,-0.46,3654.558,3673.226,3688.028,1244228.72,1424279.13,1557354.94
2015-12-14,3573.88,3712.5,3711.32,3571.0,1517691.25,103.26,2.86,3640.284,3662.957,3691.228,1242827.48,1434333.96,1618380.62
2015-12-11,3605.37,3630.74,3608.06,3578.15,1103224.75,-15.02,-0.41,3635.542,3648.466,3693.869,1167055.53,1455766.0,1623341.51
2015-12-10,3634.37,3678.32,3623.08,3615.99,1202156.25,-12.86,-0.35,3649.448,3643.359,3700.778,1248809.63,1554382.89,1669925.21
2015-12-09,3613.42,3655.16,3635.94,3611.49,1133254.25,12.92,0.36,3674.692,3656.994,3709.39,1403902.63,1607692.72,1718586.23
2015-12-08,3668.84,3668.84,3623.02,3619.44,1257810.88,-64.59,-1.75,3691.894,3671.561,3719.275,1604329.53,1646312.24,1778040.66
2015-12-07,3681.58,3699.34,3687.61,3658.58,1138831.5,10.02,0.27,3685.63,3684.648,3729.786,1625840.45,1663914.44,1858409.92
2015-12-04,3719.73,3726.12,3677.59,3667.29,1511995.25,-71.71,-1.91,3661.39,3691.221,3737.423,1744476.47,1725658.1,1979870.76
2015-12-03,3709.55,3758.45,3749.3,3693.14,1977621.25,27.35,0.73,3637.27,3700.9,3743.212,1859956.15,1761410.26,2053647.53
2015-12-02,3587.76,3725.85,3721.95,3573.4,2135388.75,130.25,3.63,3639.296,3703.467,3741.046,1811482.82,1718280.13,2153789.76
2015-12-01,3562.32,3617.31,3591.7,3536.12,1365365.5,25.29,0.71,3651.228,3702.83,3736.375,1688294.95,1690430.75,2149732.25
2015-11-30,3554.89,3587.97,3566.41,3455.07,1732011.62,9.42,0.27,3683.666,3719.499,3730.065,1701988.42,1802427.28,2132164.91
2015-11-27,3739.1,3742.74,3556.99,3534.39,2089393.62,-202.44,-5.38,3721.052,3739.271,3725.542,1706839.72,1790917.01,2110565.61
2015-11-26,3795.25,3805.84,3759.43,3756.82,1735254.62,-22.18,-0.59,3764.53,3758.196,3724.397,1662864.38,1785467.54,2075666.89
2015-11-25,3747.76,3781.86,3781.61,3735.72,1519449.38,27.72,0.74,3767.638,3761.785,3713.091,1625077.43,1829479.73,2052409.38
2015-11-24,3745.76,3754.17,3753.89,3702.74,1433832.88,0.55,0.01,3754.432,3766.989,3700.256,1692566.55,1909769.09,2061925.46
2015-11-23,3774.44,3802.85,3753.34,3743.41,1756268.12,-21.04,-0.56,3755.332,3774.924,3692.206,1902866.13,2052905.4,2086261.89
2015-11-20,3778.88,3793.54,3774.38,3757.03,1869516.88,-0.59,-0.02,3757.49,3783.625,3684.002,1874994.3,2234083.41,2100572.91
2015-11-19,3725.62,3775.23,3774.97,3714.67,1546319.88,59.39,1.6,3751.862,3785.524,3673.845,1908070.7,2345884.8,2106244.31
2015-11-18,3760.46,3771.85,3715.58,3706.31,1856895.0,-42.81,-1.14,3755.932,3778.624,3661.323,2033882.03,2589299.39,2121081.1
2015-11-17,3790.43,3852.77,3758.39,3750.16,2485330.75,-5.74,-0.15,3779.546,3769.92,3649.206,2126971.63,2609033.75,2169274.37
2015-11-16,3682.73,3764.41,3764.13,3680.07,1616909.0,17.89,0.48,3794.516,3740.63,3640.172,2202944.68,2461902.55,2134520.39
2015-11-13,3756.2,3793.71,3746.24,3727.58,2034898.88,-49.08,-1.29,3809.76,3711.813,3628.674,2593172.53,2430214.21,2157478.32
2015-11-12,3841.74,3843.9,3795.32,3771.27,2175376.5,-38.33,-1.0,3819.186,3690.597,3618.066,2783698.9,2365866.24,2160215.73
2015-11-11,3828.45,3843.11,3833.65,3781.41,2322343.0,0.41,0.01,3801.316,3664.396,3602.641,3144716.75,2275339.04,2137026.06
2015-11-10,3806.67,3876.49,3833.24,3798.82,2865196.0,-7.11,-0.18,3760.294,3633.523,3581.264,3091095.87,2214081.84,2096995.87
2015-11-09,3796.38,3891.77,3840.35,3796.38,3568048.25,46.98,1.24,3686.744,3609.487,3561.854,2720860.42,2119618.37,2026452.97
2015-11-06,3698.34,3801.71,3793.37,3694.66,2987530.75,87.4,2.36,3613.866,3584.378,3542.221,2267255.9,1967062.41,1958750.79
2015-11-05,3630.78,3781.41,3705.97,3627.3,3980465.75,77.43,2.13,3562.008,3562.165,3519.558,1948033.57,1866603.81,1871550.51
2015-11-04,3477.16,3628.54,3628.54,3477.16,2054238.62,163.05,4.71,3527.476,3544.021,3499.084,1405961.32,1652862.81,1738568.1
2015-11-03,3484.72,3501.7,3465.49,3452.62,1014018.75,-10.47,-0.3,3506.752,3528.492,3477.804,1337067.8,1729515.0,1675135.84
2015-11-02,3489.23,3543.45,3475.96,3474.71,1300025.62,-58.12,-1.65,3532.23,3539.713,3463.472,1518376.32,1807138.24,1668010.22
2015-10-30,3530.22,3574.47,3534.08,3497.57,1391419.12,0.77,0.02,3554.89,3545.535,3451.812,1666868.92,1884742.42,1640118.67
2015-10-29,3539.98,3561.81,3533.31,3507.97,1270104.5,8.39,0.24,3562.322,3545.534,3436.705,1785174.05,1954565.22,1631257.36
2015-10-28,3575.8,3598.17,3524.92,3517.21,1709771.0,-67.96,-1.89,3560.566,3540.885,3424.29,1899764.3,1998713.07,1618757.75
2015-10-27,3569.45,3601.05,3592.88,3486.1,1920561.38,3.62,0.1,3550.232,3529.004,3411.195,2121962.2,1979909.91,1594854.92
2015-10-26,3614.7,3620.76,3589.26,3561.19,2042488.62,18.02,0.51,3547.196,3514.22,3398.503,2095900.15,1933287.56,1571937.84
2015-10-23,3536.84,3581.84,3571.24,3515.82,1982944.75,46.71,1.32,3536.18,3500.063,3384.452,2102615.92,1950439.18,1531207.74
2015-10-22,3453.2,3530.77,3524.53,3442.31,1843055.75,51.28,1.48,3528.746,3476.951,3368.454,2123956.4,1876497.2,1485512.24
2015-10-21,3580.84,3601.24,3473.25,3417.41,2820760.5,-104.45,-2.92,3521.204,3454.146,3354.077,2097661.85,1824273.39,1478060.39
2015-10-20,3527.88,3577.8,3577.7,3510.44,1790251.12,43.52,1.23,3507.776,3427.116,3345.877,1837857.62,1620756.69,1416877.37
2015-10-19,3548.95,3572.99,3534.18,3502.5,2076067.5,0.11,0.0,3481.244,3387.231,3324.604,1770674.98,1528882.21,1399142.63
2015-10-16,3508.52,3537.54,3534.07,3487.1,2089647.12,47.25,1.35,3463.946,3358.088,3311.951,1798262.43,1395494.93,1398067.88
2015-10-15,3403.39,3486.82,3486.82,3402.32,1711583.0,80.71,2.37,3425.156,3327.876,3302.607,1629038.0,1307949.49,1347859.28
2015-10-14,3431.14,3458.7,3406.11,3403.23,1521739.38,-38.93,-1.13,3387.088,3307.694,3296.144,1550884.93,1238802.43,1334721.62
2015-10-13,3422.48,3452.05,3445.04,3413.97,1454337.88,-2.65,-0.08,3346.456,3293.386,3295.804,1403655.75,1209799.93,1368868.36
2015-10-12,3351.14,3486.63,3447.69,3347.25,2214004.75,107.57,3.22,3293.218,3282.785,3290.253,1287089.44,1210588.13,1373451.28
2015-10-09,3302.36,3352.38,3340.12,3293.97,1243525.0,43.64,1.32,3252.23,3268.841,3280.393,992727.42,1111976.31,1364863.26
2015-10-08,3324.98,3337.33,3296.48,3294.6,1320817.62,93.53,2.92,3230.596,3259.956,3281.679,986860.97,1094527.29,1476581.71
2015-09-30,3195.9,3223.91,3202.95,3186.77,785593.5,24.1,0.76,3228.3,3254.008,3284.959,926719.93,1131847.4,1586770.09
2015-09-29,3197.22,3208.42,3178.85,3159.04,871506.31,-63.9,-1.97,3240.316,3264.638,3293.138,1015944.1,1212998.05,1687615.61
2015-09-28,3226.61,3246.55,3242.75,3186.51,742194.69,10.8,0.33,3272.352,3261.976,3301.31,1134086.82,1269403.06,1793789.51
2015-09-25,3272.67,3290.86,3231.95,3201.91,1214192.75,-53.05,-1.61,3285.452,3265.814,3299.455,1231225.2,1400640.84,1890327.24
2015-09-24,3278.9,3300.86,3285.0,3255.9,1020112.38,21.97,0.67,3289.316,3277.338,3289.142,1202193.6,1387769.08,1983752.91
2015-09-23,3290.07,3315.94,3263.03,3253.33,1231714.38,-76.0,-2.28,3279.716,3284.594,3277.038,1336974.88,1430640.81,2070787.94
2015-09-22,3312.37,3371.41,3339.03,3303.18,1462219.88,30.78,0.93,3288.96,3298.222,3277.663,1410052.0,1527936.8,2136920.55
2015-09-21,3222.6,3312.55,3308.25,3211.93,1227886.62,56.98,1.75,3251.6,3297.721,3290.189,1404719.3,1536314.44,2172802.76
2015-09-18,3254.44,3280.88,3251.27,3227.83,1069034.75,14.27,0.44,3246.176,3291.945,3312.849,1570056.48,1617750.2,2217492.41
2015-09-17,3287.66,3354.91,3237.0,3237.0,1694018.75,-72.25,-2.18,3265.36,3303.401,3344.592,1573344.55,1858636.13,2298565.6
2015-09-16,3149.16,3345.92,3309.25,3131.37,1597100.0,157.02,4.98,3289.472,3315.909,3374.013,1524306.75,2041692.78,2373805.2
2015-09-15,3208.74,3240.08,3152.23,3131.98,1435556.38,-128.9,-3.93,3307.484,3321.638,3412.444,1645821.6,2162233.18,2422420.03
2015-09-14,3367.64,3373.92,3281.13,3187.57,2054572.5,-66.06,-1.97,3343.842,3340.644,3458.509,1667909.57,2318175.96,2477338.71
2015-09-11,3349.88,3383.13,3347.19,3315.48,1085475.12,-10.37,-0.31,3337.714,3333.095,3498.226,1665443.92,2380013.64,2496028.57
2015-09-10,3349.28,3398.32,3357.56,3337.31,1448829.75,-41.75,-1.23,3341.442,3300.945,3531.673,2143927.7,2579736.75,2569327.91
2015-09-09,3344.82,3426.65,3399.31,3330.29,2204674.25,65.29,1.96,3342.346,3269.482,3567.128,2559078.8,2710935.08,2657903.53
2015-09-08,3221.79,3340.22,3334.02,3170.81,1545996.25,83.53,2.57,3335.792,3257.104,3601.381,2678644.75,2745904.3,2701060.09
2015-09-07,3347.29,3422.22,3250.49,3240.24,2042244.25,-115.34,-3.43,3337.446,3282.656,3630.027,2968442.35,2809291.08,2715434.85
2015-09-02,3220.85,3387.02,3365.83,3213.64,3477894.0,3.75,0.11,3328.476,3333.752,3659.095,3094583.35,2817234.63,2686961.99
2015-09-01,3296.53,3370.5,3362.08,3190.58,3524585.25,-4.46,-0.13,3260.448,3385.783,3684.148,3015545.8,2738495.08,2613309.43
2015-08-31,3307.4,3368.28,3366.54,3205.54,2802504.0,24.25,0.73,3196.618,3432.116,3713.452,2862791.35,2705917.63,2547198.44
2015-08-28,3246.24,3353.24,3342.29,3223.62,2994984.25,136.65,4.26,3178.416,3503.249,3736.587,2813163.85,2682606.88,2529975.75
2015-08-27,3092.81,3206.72,3205.64,3028.4,2672949.25,179.95,5.95,3227.866,3576.374,3760.308,2650139.8,2636501.45,2491414.93
2015-08-26,3062.57,3192.93,3025.69,2952.01,3082706.25,-17.24,-0.57,3339.028,3663.356,3790.796,2539885.9,2612043.5,2493541.8
2015-08-25,3070.01,3200.11,3042.93,3019.56,2760813.0,-232.6,-7.1,3511.118,3762.4,3836.031,2461444.35,2558919.08,2477892.91
2015-08-24,3454.6,3468.15,3275.53,3266.55,2554366.5,-314.01,-8.75,3667.614,3864.774,3874.439,2549043.9,2604871.98,2531615.88
2015-08-21,3714.29,3757.78,3589.54,3578.17,2179864.0,-171.91,-4.57,3828.082,3945.657,3901.599,2552049.9,2656215.88,2586424.8
2015-08-20,3848.4,3880.82,3761.45,3761.45,2121679.75,-124.69,-3.21,3924.882,3977.397,3930.936,2622863.1,2621578.63,2673454.29
2015-08-19,3748.27,3898.74,3886.14,3668.19,2690498.5,60.73,1.59,3987.684,3984.437,3955.404,2684201.1,2556689.35,2744606.18
2015-08-18,4084.31,4103.05,3825.41,3816.55,3198810.75,-252.46,-6.19,4013.682,3982.513,3968.955,2656393.8,2488123.78,2769554.25
2015-08-17,4058.11,4081.77,4077.87,4009.99,2569396.5,4.33,0.11,4061.934,3994.788,3985.985,2660700.05,2388479.25,2768801.19
2015-08-14,4097.92,4113.16,4073.54,4056.73,2533930.0,-1.92,-0.05,4063.232,3969.925,3990.122,2760381.85,2377344.63,2816668.1
2015-08-13,4010.01,4075.7,4075.46,3967.82,2428369.75,59.33,1.48,4029.912,3944.241,3994.02,2620294.15,2346328.4,2855525.16
2015-08-12,4025.67,4078.03,4016.13,4015.35,2551462.0,-50.54,-1.24,3981.19,3918.236,3990.115,2429177.6,2375040.1,2899372.35
2015-08-11,4083.59,4110.13,4066.67,4042.0,3220342.0,-17.69,-0.43,3951.344,3909.661,3987.646,2319853.75,2396866.75,2982777.43
2015-08-10,3947.47,4101.73,4084.36,3932.84,3067805.5,177.42,4.54,3927.642,3884.103,3989.92,2116258.45,2458359.78,3048971.33
2015-08-07,3866.43,3926.65,3906.94,3857.91,1833491.5,75.09,1.96,3876.618,3857.54,3996.293,1994307.4,2516633.73,3146627.15
2015-08-06,3802.93,3888.69,3831.85,3793.24,1472787.0,-35.05,-0.91,3858.57,3884.474,4006.274,2072362.65,2725329.95,3305303.48
2015-08-05,3937.62,3962.28,3866.9,3858.66,2004842.75,-81.26,-2.06,3855.282,3926.37,4009.563,2320902.6,2932523.0,3483599.43
2015-08-04,3827.37,3948.45,3948.16,3801.03,2202365.5,118.92,3.11,3867.978,3955.396,3999.37,2473879.75,3050984.73,3674090.84
2015-08-03,3766.07,3829.24,3829.24,3742.58,2458050.25,12.54,0.33,3840.564,3977.181,3998.362,2800461.1,3149123.13,3903665.06
2015-07-31,3777.15,3863.62,3816.7,3757.99,2223767.75,1.29,0.03,3838.462,4010.318,4006.827,3038960.05,3255991.58,4104809.83
2015-07-30,3915.78,3968.53,3815.41,3802.88,2715486.75,-114.97,-2.92,3910.378,4043.798,4010.288,3378297.25,3364721.93,4208271.86
2015-07-29,3839.96,3934.0,3930.38,3769.19,2769728.5,119.29,3.13,3997.458,4061.993,4024.917,3544143.4,3423704.6,4301028.63
2015-07-28,3690.97,3883.45,3811.09,3627.42,3835272.25,-7.64,-0.2,4042.814,4065.631,4041.049,3628089.7,3568688.1,4378402.9
2015-07-27,4097.8,4156.31,3818.73,3817.17,3650545.0,-357.55,-8.56,4113.798,4095.737,4074.145,3497785.15,3639582.88,4450161.94
2015-07-24,4255.2,4299.65,4176.28,4154.62,3920453.75,-74.53,-1.75,4182.174,4135.045,4092.786,3473023.1,3776620.58,4530465.94
2015-07-23,4158.93,4262.06,4250.81,4148.82,3544717.5,93.65,2.25,4177.218,4128.073,4100.781,3351146.6,3885277.0,4557763.15
2015-07-22,4148.56,4187.43,4157.16,4094.71,3189460.0,-8.85,-0.21,4126.528,4092.755,4123.567,3303265.8,4034675.85,4603595.28
2015-07-21,4109.76,4201.48,4166.01,4081.7,3183749.5,5.4,0.13,4088.448,4043.343,4159.715,3509286.5,4297196.95,4661441.63
2015-07-20,4157.06,4221.69,4160.61,4106.39,3526734.75,9.11,0.22,4077.676,4019.542,4159.384,3781380.6,4658207.0,4739214.89
2015-07-17,4023.76,4190.19,4151.5,4000.23,3311071.25,154.14,3.86,4087.916,4003.335,4159.316,4080218.05,4953628.08,4806574.9
2015-07-16,3949.64,4067.02,3997.36,3856.32,3305313.5,30.6,0.77,4078.928,3976.777,4159.775,4419407.4,5051821.8,4894545.71
2015-07-15,4068.88,4114.24,3966.76,3899.51,4219563.5,-145.39,-3.54,4058.982,3987.841,4169.926,4766085.9,5178352.65,4993872.72
2015-07-14,4178.63,4258.51,4112.15,4062.5,4544220.0,-99.66,-2.37,3998.238,4016.467,4183.471,5085107.4,5188117.7,5045493.33
2015-07-13,4132.23,4278.16,4211.81,4072.43,5020922.0,105.25,2.56,3961.408,4052.552,4188.565,5535033.4,5260741.0,5081298.57
2015-07-10,3916.27,4179.11,4106.56,3887.55,5007018.0,208.93,5.36,3918.754,4050.526,4186.777,5827038.1,5284311.3,5085942.92
2015-07-09,3621.68,3930.26,3897.63,3537.83,5038706.0,234.59,6.4,3874.626,4073.489,4193.462,5684236.2,5230249.3,5092520.0
2015-07-08,3651.06,3762.62,3663.04,3612.25,5814671.0,-264.96,-6.75,3916.7,4154.378,4220.355,5590619.4,5172514.7,5097412.18
2015-07-07,3877.85,3960.64,3928.0,3743.62,6793850.0,-70.54,-1.76,4034.696,4276.087,4276.087,5291128.0,5025686.3,5025686.3
2015-07-06,4218.27,4218.27,3998.54,3832.47,6480945.5,112.62,2.9,4143.696,4314.763,4314.763,4986448.6,4829223.67,4829223.67
2015-07-03,4017.2,4164.63,3885.92,3785.9,4293008.5,-222.08,-5.41,4182.298,4354.291,4354.291,4741584.5,4622758.44,4622758.44
2015-07-02,4287.73,4312.19,4108.0,4000.06,4570622.0,-145.02,-3.41,4272.352,4421.201,4421.201,4776262.4,4669865.57,4669865.57
2015-07-01,4408.98,4526.13,4253.02,4235.7,4317214.0,-219.98,-4.92,4392.056,4473.402,4473.402,4754410.0,4686406.17,4686406.17
2015-06-30,4161.07,4475.77,4473.0,4016.01,5270453.0,281.45,6.71,4517.478,4517.478,4517.478,4760244.6,4760244.6,4760244.6
2015-06-29,4446.84,4451.17,4191.55,4000.93,5256625.0,-144.64,-3.34,4528.598,4528.598,4528.598,4632692.5,4632692.5,4632692.5
2015-06-26,4573.87,4650.19,4336.19,4278.68,4466398.0,-370.33,-7.87,4640.947,4640.947,4640.947,4424715.0,4424715.0,4424715.0
2015-06-25,4906.24,4919.26,4706.52,4667.22,4461360.0,-173.61,-3.56,4793.325,4793.325,4793.325,4403873.5,4403873.5,4403873.5
2015-06-24,4811.59,4883.73,4880.13,4744.31,4346387.0,94.04,1.97,4880.13,4880.13,4880.13,4346387.0,4346387.0,4346387.0
